country;RAAUC;RegularDeaths;2020Deaths;2021Deaths;2022Deaths;EXD2020;EXD2021;EXD2022;population;RDBP;IRDPP2020;IRDPP2021;IRDPP2022;EDPP2020;EDPP2021;EDPP2022
Albania;12.0;21955.800000000003;27605.0;30580.0;25708.0;5649.199999999997;8624.199999999997;3752.199999999997;2854710.0;0.007691078953729101;0.00966998399136865;0.010712121371347702;0.00900546815613495;0.001978905037639549;0.0030210424176186014;0.0013143892024058475
Algeria;12.0;179289.65;235628.0;649.0;27462.666666666668;56338.350000000006;-178640.65;-151826.98333333334;44177969.0;0.004058349762525298;0.005333608704374798;1.469058027543095e-05;0.0006216371482959452;0.0012752589418495;-0.004043659182249868;-0.0034367126142293533
Andorra;12.0;310.20000000000005;419.0;34638.0;190732.53333333333;108.79999999999995;34327.8;190422.3333333333;79034.0;0.003924893083989169;0.005301515803325151;0.43826707492977707;2.4132972307277036;0.0013766227193359815;0.43434218184578793;2.409372337643714
Antigua and Barbuda;12.0;570.5999999999999;574.0;964.0;89276.57142857143;3.400000000000091;393.4000000000001;88705.97142857143;93220.0;0.0061210040763784584;0.006157476936279768;0.010341128513194594;0.9576976124069023;3.647285990130971e-05;0.004220124436816135;0.9515766083305238
Argentina;12.0;341388.6;376221.0;170960.0;62637.0;34832.40000000002;-170428.59999999998;-278751.6;45276780.0;0.0075400370786085046;0.008309358571877241;0.003775886889482865;0.001383424351289999;0.0007693214932687356;-0.0037641501891256396;-0.0061566127273185054
Armenia;12.0;27047.399999999998;35371.0;89538.0;3498.0;8323.600000000002;62490.600000000006;-23549.399999999998;2790974.0;0.009691025426965639;0.012673353460118225;0.032081273419243606;0.0012533258998471501;0.0029823280331525846;0.022390247992277967;-0.00843769952711849
Aruba;12.0;709.8;743.0;76878.0;114216.09756097561;33.200000000000045;76168.2;113506.29756097561;106536.0;0.0066625366073439956;0.0069741683562363896;0.7216152286551025;1.072089223933465;0.0003116317488923936;0.7149526920477585;1.065426687326121
Australia;52.0;160378.3601532567;161595.39622641512;3649.0;117348.0;1217.0360731584078;-156729.3601532567;-43030.36015325671;25921089.0;0.006187176786949681;0.006234128366536419;0.00014077340654939304;0.00452712461270435;4.695157958673757e-05;-0.006046403380400287;-0.0016600521742453302
Austria;52.0;81022.37547892719;89475.32075471699;2895.0;43302.0;8452.945275789796;-78127.37547892719;-37720.37547892719;8922082.0;0.00908110634703057;0.010028524816821566;0.0003244758342279302;0.004853351493519113;0.0009474184697909968;-0.008756630512802639;-0.004227754853511455
Azerbaijan;12.0;56430.8;75647.0;158868.0;1614203.6;19216.199999999997;102437.2;1557772.8;10312992.0;0.005471816520365768;0.007335116714916486;0.015404646876483566;0.1565213664472929;0.0018633001945507178;0.009932830356117797;0.15104954992692712
Bahamas;12.0;2434.8;3016.0;111956.0;120070.66666666667;581.1999999999998;109521.2;117635.86666666667;407906.0;0.005969022274739769;0.007393860350178718;0.2744651954126686;0.2943586676015226;0.0014248380754389488;0.26849617313792884;0.2883896453267828
Barbados;12.0;2642.6;2713.0;2489.0;322573.3333333333;70.40000000000009;-153.5999999999999;319930.73333333334;281200.0;0.009397581792318635;0.009647937411095306;0.008851351351351351;1.1471313418681839;0.00025035561877667173;-0.0005462304409672827;1.1377337600758655
Belarus;12.0;119931.4;144536.0;727.0;137833.86046511628;24604.600000000006;-119204.4;17902.46046511628;9578168.0;0.012521329757423339;0.015090150851394547;7.590177996460284e-05;0.014390420011960144;0.002568821093971207;-0.012445427977458737;0.001869090254536805
Belgium;52.0;109179.27969348658;126008.75471698114;84301.0;286968.1904761905;16829.475023494568;-24878.279693486576;177788.9107827039;11611420.0;0.009402750024845074;0.010852139937835436;0.007260180064109299;0.024714306301571252;0.0014493899129903636;-0.0021425699607357735;0.015311556276726179
Belize;12.0;1896.0;2158.0;48503.0;57335.99999999999;262.0;46607.0;55439.99999999999;400031.0;0.004739632678467419;0.005394581919901208;0.12124810327199642;0.14332889201086915;0.0006549492414337889;0.116508470593529;0.1385892593324017
Bermuda;12.0;503.8;566.0;1855622.0;6936.8;62.19999999999999;1855118.2;6433.0;64185.0;0.007849185946872322;0.008818259718002649;28.910524265794187;0.10807509542728053;0.0009690737711303262;28.902675079847317;0.1002259094804082
Bolivia;12.0;50612.8;74863.0;148640.0;116384.21052631579;24250.199999999997;98027.2;65771.41052631578;12079472.0;0.004189984462897054;0.006197539097735398;0.012305173603614463;0.009634875640782626;0.0020075546348383437;0.008115189140717408;0.005444891177885572
Bosnia;12.0;36898.4;42803.0;308490.0;58472.18604651162;5904.5999999999985;271591.6;21573.786046511617;0.0;inf;inf;inf;inf;inf;inf;inf
Brazil;12.0;1310626.4;1556824.0;137085.0;90567.09999999999;246197.6000000001;-1173541.4;-1220059.2999999998;214326223.0;0.006115100530652284;0.007263805512030135;0.0006396090878716227;0.000422566584397841;0.0011487049813778507;-0.005475491442780662;-0.005692533946254443
Brunei;12.0;1648.8000000000002;1752.0;361223.0;623550.0;103.19999999999982;359574.2;621901.2;445373.0;0.0037020654597382423;0.003933781347320112;0.811057248643272;1.4000624195898719;0.00023171588758186918;0.8073551831835338;1.3963603541301335
Bulgaria;52.0;108480.56704980842;123538.2641509434;31081.0;17209.52380952381;15057.697101134981;-77399.56704980842;-91271.0432402846;6885868.0;0.01575408750934645;0.01794084117658709;0.0045137374111731444;0.0024992526446228434;0.0021867536672406417;-0.011240350098173306;-0.013254834864723605
Cabo Verde;12.0;2691.2000000000003;2959.0;62642.0;514.6666666666666;267.7999999999997;59950.8;-2176.5333333333338;0.0;inf;inf;inf;inf;inf;inf;-inf
Canada;52.0;275362.91187739465;306412.4528301887;167645.0;61395.1;31049.54095279402;-107717.91187739465;-213967.81187739465;38155012.0;0.007216952569098776;0.00803072615545734;0.004393787112424444;0.0016090965978466996;0.0008137735863585633;-0.0028231654566743328;-0.005607855971252077
Chile;52.0;106306.5;125053.1320754717;7078.0;636819.9024390244;18746.6320754717;-99228.5;530513.4024390244;19493184.0;0.005453521600165473;0.006415223499427887;0.0003631012768360469;0.03266884991384806;0.000961701899262414;-0.005090420323329427;0.027215328313682587
Colombia;52.0;227659.98467432952;300464.8301886793;139165.0;1126.2439024390244;72804.84551434976;-88494.98467432952;-226533.7407718905;51516562.0;0.004419161058813077;0.005832392895098071;0.002701364271940352;2.186178305996088e-05;0.0014132318362849942;-0.001717796786872725;-0.004397299275753116
Costa Rica;12.0;22987.800000000003;26209.0;57039.0;53362.0;3221.199999999997;34051.2;30374.199999999997;5153957.0;0.0044602234748951156;0.005085218988051317;0.011067030632968029;0.010353598215895089;0.0006249955131562016;0.006606807158072913;0.005893374740999973
Croatia;52.0;52565.02681992337;56847.77358490566;49082.399999999994;1024258.8571428572;4282.746764982294;-3482.6268199233746;971693.8303229338;4060135.0;0.012946620449793755;0.014001449110659045;0.012088859114290534;0.2522721183268185;0.0010548286608652899;-0.0008577613355032221;0.23932549787702473
Cuba;12.0;104262.59999999999;112449.0;104860.0;143072.0;8186.400000000009;597.4000000000087;38809.40000000001;11256372.0;0.009262540363804608;0.009989808439166723;0.009315612525954189;0.012710311990399749;0.0007272680753621156;5.307216214958148e-05;0.0034477716265951417
Cyprus;52.0;5868.628352490421;6523.547169811321;732086.0;508.0;654.9188173208995;726217.3716475096;-5360.628352490421;896007.0;0.0065497572591401865;0.007280687728791539;0.8170538846236692;0.0005669598563404081;0.0007309304696513526;0.8105041273645291;-0.0059827974027997785
Czechia;52.0;110786.2988505747;129012.98113207548;18721.0;4020.4878048780483;18226.682281500776;-92065.2988505747;-106765.81104569665;10510750.0;0.010540284837007322;0.0122743839528174;0.0017811288442784769;0.00038251198105540026;0.001734099115810078;-0.008759155992728845;-0.010157772855951921
Denmark;52.0;53394.63601532567;54431.24528301887;428.0;96172.26666666666;1036.6092676932021;-52966.63601532567;42777.630651340995;5854240.0;0.00912067766530338;0.009297747492931425;7.310940446582306e-05;0.01642779706104749;0.0001770698276280443;-0.009047568260837559;0.007307119395744109
Dominican Republic;12.0;43206.0;45861.0;57580.0;69084.0;2655.0;14374.0;25878.0;11117874.0;0.0038861746409430435;0.004124979290105284;0.005179047720814249;0.006213777921930038;0.0002388046491622409;0.0012928730798712055;0.0023276032809869947
Ecuador;52.0;69773.44061302682;115195.69811320756;641768.0;134322.66666666666;45422.25750018074;571994.5593869732;64549.22605363984;17797737.0;0.003920354627839866;0.006472491312418402;0.0360589663730844;0.007547176737506946;0.002552136684578536;0.03213861174524453;0.0036268221096670797
Egypt;12.0;561515.0;666200.0;1353.0;2705.3333333333335;104685.0;-560162.0;-558809.6666666666;109262178.0;0.005139152543710048;0.006097260847207348;1.2383059030728822e-05;2.4760016529538094e-05;0.0009581083034972998;-0.005126769484679319;-0.005114392527180509
El Salvador;12.0;42222.200000000004;50778.0;2274.0;421808.39999999997;8555.799999999996;-39948.200000000004;379586.19999999995;6314167.0;0.0066868994754177395;0.008041915901179046;0.00036014251761158677;0.06680349126020899;0.0013550164257613072;-0.006326756957806153;0.06011659178479124
Estonia;52.0;15398.176245210727;15754.037735849055;59906.0;33966.66666666667;355.8614906383282;44507.82375478927;18568.490421455943;1328701.0;0.011588894902021392;0.011856721516615895;0.04508614052371451;0.025563815084557528;0.0002678266145945011;0.03349724562169312;0.013974920182536134
Faroe Islands;12.0;402.2;366.0;1019035.0;52153.4;-36.19999999999999;1018632.8;51751.200000000004;0.0;inf;inf;inf;inf;-inf;inf;inf
Finland;52.0;53549.24137931034;55175.92452830189;1068.0;715164.9142857143;1626.6831489915494;-52481.24137931034;661615.6729064039;5535992.0;0.009672926077080736;0.009966763775724728;0.00019291935392970222;0.12918460039062815;0.0002938376986439918;-0.009480006723151035;0.1195116743135474
France;52.0;588850.1915708813;651800.3773584905;143586.0;1545645.0;62950.185787609196;-445264.1915708813;956794.8084291187;67422000.0;0.008733798931667428;0.009667473189144352;0.0021296609415324373;0.022924935481000268;0.0009336742574769244;-0.00660413799013499;0.01419113654933284
French Guiana;52.0;890.3754789272032;939.9245283018869;531.0;135554.6666666667;49.549049374683705;-359.3754789272032;134664.2911877395;0.0;inf;inf;inf;inf;inf;-inf;inf
French Polynesia;12.0;1518.0;1679.0;4517.0;9192.0;161.0;2999.0;7674.0;304032.0;0.0049928954846858225;0.005522445005788864;0.014856988738027576;0.03023365961477739;0.0005295495211030418;0.009864093253341753;0.02524076413009157
Georgia;12.0;48179.399999999994;50537.0;118160.99999999999;34269.0;2357.600000000006;69981.59999999999;-13910.399999999994;3757980.0;0.01282055785288905;0.013447916167728407;0.03144268995577411;0.009118994779110054;0.0006273583148393567;0.018622132102885058;-0.0037015630737789965
Germany;52.0;929511.9540229884;982552.7547169811;51354.0;29926.0;53040.80069399264;-878157.9540229884;-899585.9540229884;83408554.0;0.011144084262904119;0.011779999863287177;0.0006156922466249684;0.00035878814060246144;0.0006359156003830571;-0.010528392016279151;-0.010785296122301658
Gibraltar;12.0;276.0;270.0;155032.0;304.79999999999995;-6.0;154756.0;28.799999999999955;32670.0;0.00844811753902663;0.008264462809917356;4.745393327211509;0.009329660238751146;-0.00018365472910927456;4.7369452096724824;0.0008815426997245165
Greece;52.0;121532.36781609195;130457.20754716982;2333.0;42106.666666666664;8924.839731077867;-119199.36781609195;-79425.7011494253;10445365.0;0.01163505227592257;0.012489482899560696;0.00022335265450273878;0.004031134064407195;0.0008544306236381272;-0.011411699621419831;-0.007603918211515375
Greenland;12.0;498.59999999999997;519.0;529736.8;4406.666666666666;20.400000000000034;529238.2000000001;3908.066666666666;56243.0;0.008865103212844264;0.00922781501697989;9.418715217893784;0.07835049102406817;0.00036271180413562635;9.409850114680939;0.0694853878112239
Guadeloupe;52.0;3151.478927203065;3649.8113207547167;34354.0;2418.6666666666665;498.3323935516519;31202.521072796935;-732.8122605363983;0.0;inf;inf;inf;inf;inf;inf;-inf
Guatemala;52.0;82164.38314176245;95608.37735849057;50633.0;200385.3333333333;13443.994216728126;-31531.383141762446;118220.95019157087;17608483.0;0.004666181813717993;0.005429677125422478;0.0028754890469553794;0.011380045250538238;0.000763495311704485;-0.0017906927667626137;0.006713863436820245
Hong Kong;12.0;47239.8;50666.0;706212.0;4198.380952380952;3426.199999999997;658972.2;-43041.41904761905;7494578.0;0.006303196791066822;0.006760353951883615;0.09422972180688492;0.0005601891063620863;0.00045715716081679274;0.0879265250158181;-0.005743007684704736
Hungary;52.0;129791.60153256706;140533.43396226416;24919.63636363636;4262.7317073170725;10741.832429697097;-104871.9651689307;-125528.86982524999;9709786.0;0.013367091873349944;0.014473381180827688;0.0025664454771337246;0.00043901397078340064;0.0011062893074777443;-0.01080064639621622;-0.012928077902566544
Iceland;52.0;2242.375478927203;2299.7735849056603;1452289.0;13038.0;57.39810597845735;1450046.6245210727;10795.624521072798;370335.0;0.006054992044843731;0.006209981732500737;3.9215548084842102;0.03520596216938718;0.0001549896876570061;3.9154998164393664;0.029150970124543447
Iran;52.0;367181.32413793105;501265.9698113207;39333.0;928.3902439024391;134084.64567338966;-327848.32413793105;-366252.9338940286;87923432.0;0.004176148676019961;0.005701164734007662;0.0004473551487389619;1.0559076491718831e-05;0.0015250160579877007;-0.003728793527280999;-0.004165589599528242
Ireland;12.0;30724.4;31981.0;183357.0;836726.2222222222;1256.5999999999985;152632.6;806001.8222222222;4986526.0;0.006161483966994256;0.0064134830541342815;0.03677048911406458;0.16779742494518674;0.00025199908714002467;0.030609005147070326;0.16163594097819248
Israel;52.0;44506.819923371644;48611.16981132076;13019.0;41155.2;4104.349887949116;-31487.819923371644;-3351.619923371647;9291000.0;0.004790315350701932;0.005232070800917098;0.001401248520073189;0.004429577010009686;0.00044175545021516696;-0.003389066830628742;-0.00036073834069224486
Italy;52.0;643619.1417624521;742581.5849056605;10938.0;512.0;98962.4431432084;-632681.1417624521;-643107.1417624521;59240330.0;0.010864543491949692;0.01253506833783101;0.00018463772906059098;8.642760767875533e-06;0.0016705248458813175;-0.0106799057628891;-0.010855900731181816
Jamaica;12.0;18304.600000000002;18978.0;39193.0;17804.0;673.3999999999978;20888.399999999998;-500.6000000000022;2827694.0;0.006473331272761481;0.006711475852762003;0.013860410638492;0.006296296558255596;0.00023814458000052263;0.00738707936573052;-0.00017703471450588438
Japan;12.0;1337896.0;1384544.0;34471.0;8040.190476190476;46648.0;-1303425.0;-1329855.8095238095;124612530.0;0.010736448413333715;0.011110792791062023;0.0002766254725748687;6.452152505201906e-05;0.0003743443777283071;-0.010459822940758846;-0.010671926888281696
Jordan;12.0;27525.0;33073.0;36950.0;159369.11627906977;5548.0;9425.0;131844.11627906977;11148278.0;0.0024689911751393356;0.0029666465080974837;0.0033144132214858652;0.014295402059319813;0.0004976553329581483;0.0008454220463465299;0.011826410884180478
Kazakhstan;12.0;131461.6;162613.0;268.0;38908.38095238095;31151.399999999994;-131193.6;-92553.21904761906;19196465.0;0.0068482191903561414;0.008470986715522884;1.3960903739308253e-05;0.002026851347494497;0.0016227675251667426;-0.006834258286616833;-0.004821367842861644
Kosovo;12.0;8769.2;12987.0;47463.0;23560.5;4217.799999999999;38693.8;14791.3;1782115.0;0.00492067010265892;0.0072874085005737565;0.026632961396991776;0.01322052729481543;0.0023667383979148367;0.02171229129433286;0.00829985719215651
Kuwait;12.0;6722.199999999999;10569.0;4467.0;44429.767441860466;3846.800000000001;-2255.199999999999;37707.56744186047;4250114.0;0.0015816516921663747;0.0024867568258169076;0.0010510306311783636;0.010453782520153686;0.0009051051336505329;-0.0005306210609880109;0.008872130827987313
Kyrgyzstan;12.0;33546.0;39977.0;2320.0;9693.333333333334;6431.0;-31226.0;-23852.666666666664;6527743.0;0.005138989080912039;0.0061241687976992965;0.0003554061488021204;0.0014849440814893194;0.000985179716787257;-0.004783582932109919;-0.00365404499942272
Latvia;52.0;28380.643678160923;28762.867924528306;224569.0;42048.0;382.2242463673829;196188.3563218391;13667.356321839077;1873919.0;0.015145074935555338;0.015349045462759225;0.11983922464097968;0.022438536564280527;0.00020397052720388814;0.10469414970542434;0.007293461628725189
Lebanon;12.0;25156.800000000003;28392.0;4132.0;175626.23;3235.199999999997;-21024.800000000003;150469.43;5592631.0;0.004498204869944039;0.005076680367433503;0.0007388293631387445;0.03140314996644692;0.0005784754974894637;-0.003759375506805295;0.026904945096502878
Liechtenstein;12.0;261.8;319.0;4613.0;657405.6000000001;57.19999999999999;4351.2;657143.8;39039.0;0.006706114398422091;0.008171315863623557;0.11816388739465662;16.839714132021825;0.001465201465201465;0.11145777299623454;16.833008017623403
Lithuania;52.0;40049.36398467433;43485.735849056604;13274.0;442688.0930232558;3436.371864382272;-26775.36398467433;402638.7290385815;2786651.0;0.014371862132959719;0.01560501686399072;0.0047634239092014035;0.15886025663897482;0.0012331547310310018;-0.009608438223758314;0.1444883945060151
Luxembourg;52.0;4149.839080459769;4578.943396226416;1094.0;123441.33333333334;429.1043157666463;-3055.8390804597693;119291.49425287357;639321.0;0.006491010119266799;0.007162197700726889;0.0017111904661351652;0.19308193119471023;0.0006711875814600902;-0.004779819653131634;0.18659092107544342
Macao;12.0;2207.7999999999997;2230.0;1089683.0;35133.799999999996;22.200000000000273;1087475.2;32925.99999999999;686607.0;0.0032155221254662417;0.0032478550320634656;1.5870548945757907;0.05117017449574501;3.2332906597224134e-05;1.5838393724503246;0.047954652370278766
Malaysia;12.0;166386.4;166507.0;45386.0;2688.0;120.60000000000582;-121000.4;-163698.4;33573874.0;0.004955829643013493;0.004959421721782836;0.0013518249338756677;8.0062253167448e-05;3.592078769343264e-06;-0.0036040047091378253;-0.004875767389846045
Maldives;12.0;1170.8;1275.0;593.0;274622.947368421;104.20000000000005;-577.8;273452.147368421;521458.0;0.002245243145181395;0.0024450674838625546;0.0011371960924945058;0.5266444226925677;0.00019982433868115946;-0.0011080470526868894;0.5243991795473865
Malta;52.0;3534.406130268199;4066.7924528301887;19931.0;1931068.0;532.3863225619898;16396.5938697318;1927533.5938697318;526748.0;0.006709861509238192;0.007720565531962511;0.03783782757599459;3.6660186654719147;0.0010107040227243195;0.031127966066756402;3.659308803962676
Martinique;52.0;3271.6168582375476;3565.4339622641505;9066.909090909092;6600.195121951219;293.8171040266029;5795.292232671544;3328.5782637136717;0.0;inf;inf;inf;inf;inf;inf;inf
Mauritius;12.0;10404.4;11060.0;170051.0;474.0;655.6000000000004;159646.6;-9930.4;1298915.0;0.008010069942990881;0.008514798889842676;0.13091772748794187;0.00036491995242182897;0.0005047289468517958;0.12290765754495098;-0.007645149990569052
Mayotte;52.0;692.735632183908;924.2264150943397;1983.0;265.3333333333333;231.49078291043168;1290.264367816092;-427.4022988505747;0.0;inf;inf;inf;inf;inf;inf;-inf
Mexico;52.0;696709.3486590039;1066931.0943396227;34792.0;114322.66666666666;370221.7456806188;-661917.3486590039;-582386.6819923372;126705138.0;0.005498666902197793;0.008420582710226185;0.0002745902853600144;0.0009022733290158024;0.002921915808028391;-0.005224076616837778;-0.00459639357318199
Moldova;12.0;37822.0;40716.0;28516.0;26746.666666666664;2894.0;-9306.0;-11075.333333333336;3061506.0;0.012354050588174579;0.013299336992970126;0.00931437011719069;0.008736441041326284;0.0009452864047955484;-0.0030396804709838885;-0.003617609546848295
Monaco;12.0;527.8;521.0;41894.0;58734.70270270271;-6.7999999999999545;41366.2;58206.902702702704;36686.0;0.014386959603118355;0.01420160279125552;1.1419615112031838;1.601011358630069;-0.0001853568118628347;1.1275745516000653;1.5866243990269504
Mongolia;12.0;16580.6;15922.0;12649.0;21878.048780487807;-658.5999999999985;-3931.5999999999985;5297.448780487808;3347782.0;0.004952711974674575;0.004755984708681748;0.003778322483363612;0.0065350876432479195;-0.00019672726599282705;-0.0011743894913109631;0.0015823756685733445
Montenegro;52.0;6461.747126436781;7297.66037735849;26713.199999999997;561555.2558139535;835.9132509217088;20251.452873563216;555093.5086875167;627859.0;0.010291716972181304;0.011623087950253942;0.04254649531184549;0.894397079302763;0.0013313709780726386;0.032254778339664184;0.8841053623305817
Netherlands;52.0;149924.7662835249;168012.98113207548;53717.0;376038.0;18088.21484855059;-96207.76628352489;226113.2337164751;17501696.0;0.008566299305137337;0.00959981142010897;0.003069245403416903;0.021485803432993007;0.001033512114971634;-0.005497053901720433;0.012919504127855672
New Caledonia;12.0;1549.6;1540.0;263448.60000000003;465250.6666666667;-9.599999999999909;261899.00000000003;463701.0666666667;287800.0;0.005384294649061848;0.005350938151494093;0.9153877692842253;1.6165763261524206;-3.335649756775507e-05;0.9100034746351634;1.611192031503359
New Zealand;52.0;32676.72030651341;32567.698113207545;879429.0;92551.94;-109.02219330586377;846752.2796934866;59875.21969348659;5129728.0;0.006370068804138038;0.006348815787739145;0.17143774484729016;0.018042270467362013;-2.1253016398893617e-05;0.16506767604315212;0.011672201663223974
Nicaragua;12.0;24242.8;33638.0;518700.0;71542.90000000001;9395.2;494457.2;47300.100000000006;6850540.0;0.003538815918161196;0.004910269847340502;0.07571665883273436;0.010443395703112457;0.0013714539291793057;0.07217784291457316;0.00690457978495126
North Macedonia;12.0;20267.8;25408.0;124559.0;206191.19999999998;5140.200000000001;104291.2;185923.4;2103330.0;0.009636053305948187;0.012079892361160636;0.05921990367655099;0.0980308368159062;0.0024438390552124494;0.049583850370602804;0.08839478350995801
Norway;52.0;40595.26436781609;40422.64150943396;32977.0;593864.3999999999;-172.62285838212847;-7618.264367816089;553269.1356321839;5403021.0;0.0075134381983368356;0.0074814888762109125;0.0061034373177524205;0.10991339844875671;-3.194932212592334e-05;-0.0014100008805844155;0.10239996025041988
Oman;12.0;8518.6;10589.0;2774.0;8340.0;2070.3999999999996;-5744.6;-178.60000000000036;4520471.0;0.0018844496513748237;0.0023424550229389812;0.0006136528693580824;0.0018449404940325909;0.00045800537156415774;-0.0012707967820167413;-3.950915734223278e-05
Palestine;12.0;12449.0;14106.0;333028.0;686976.0;1657.0;320579.0;674527.0;5133392.0;0.002425102154676674;0.0027478906734572386;0.0648748429888074;0.1338249640783326;0.0003227885187805646;0.062449740834130726;0.13139986192365594
Panama;12.0;19319.6;23876.0;2445509.0;647952.1904761905;4556.4000000000015;2426189.4;628632.5904761906;4351267.0;0.004439994144234311;0.005487137424570821;0.5620222799474268;0.14891115403311048;0.0010471432803365092;0.5575822858031925;0.14447115988887618
Paraguay;12.0;31681.800000000003;36738.0;5786.0;3261108.5;5056.199999999997;-25895.800000000003;3229426.7;6703799.0;0.004725947183082309;0.0054801762403675885;0.0008630927031075961;0.486456783683401;0.0007542290572852792;-0.0038628544799747134;0.4817308365003187
Peru;52.0;152683.9;238746.8150943396;454.0;41737.5;86062.91509433961;-152229.9;-110946.4;33715472.0;0.004528600400433368;0.007081224165995351;1.3465627887398403e-05;0.001237933136454385;0.002552623765561983;-0.0045151347725459695;-0.0032906672639789825
Philippines;12.0;586629.6000000001;613936.0;1184.0;173821.33333333334;27306.399999999907;-585445.6000000001;-412808.2666666667;113880328.0;0.005151281264311076;0.005391062800591863;1.0396879081697061e-05;0.0015263508314915756;0.00023978153628078684;-0.00514088438522938;-0.003624930432819501
Poland;52.0;400514.3601532567;476441.6603773585;312.0;;75927.30022410181;-400202.3601532567;;38307726.0;0.010455184945022752;0.012437221159443358;8.144571149955495e-06;;0.001982036214420606;-0.010447040373872797;
Portugal;52.0;110403.77011494253;123383.24528301886;135901.0;;12979.47516807633;25497.229885057473;;10290103.0;0.010729121964565614;0.011990477187936686;0.013206962068309715;;0.0012613552233710712;0.0024778401037441;
Puerto Rico;52.0;29263.999999999996;31790.64150943396;925.0;;2526.6415094339645;-28338.999999999996;;3256028.0;0.00898763769844731;0.00976362657490475;0.0002840884660697021;;0.0007759888764574397;-0.008703549232377608;
Qatar;12.0;2308.6;2627.0;24292.0;;318.4000000000001;21983.4;;2688235.0;0.0008587790873937732;0.0009772211134815223;0.009036412367222359;;0.00011844202608774906;0.008177633279828588;
Romania;52.0;260476.56704980842;295739.69811320753;72520.0;;35263.13106339911;-187956.56704980842;;19328560.0;0.013476253122312704;0.015300658616741626;0.0037519608289494923;;0.0018244054944289232;-0.009724292293363211;
Russia;12.0;1850579.6400000001;2138585.9;23088.0;;288006.2599999998;-1827491.6400000001;;145102755.0;0.012753580316238656;0.014738423815591923;0.00015911482866055852;;0.001984843499353267;-0.012594465487578097;
RÃ©union;52.0;4808.704980842912;5155.8490566037735;706615.0;;347.1440757608616;701806.2950191571;;0.0;inf;inf;inf;;inf;inf;
Saint Kitts and Nevis;12.0;387.0;377.0;316897.0;;-10.0;316510.0;;47606.0;0.008129227408309877;0.007919169852539596;6.656660925093475;;-0.00021005755577028105;6.648531697685166;
Saint Vincent and the Grenadines;12.0;944.8;1049.0;447878.0;;104.20000000000005;446933.2;;104332.0;0.0090557067821953;0.010054441590307864;4.292815243645286;;0.000998734808112564;4.283759536863091;
San Marino;12.0;252.2;343.0;91511.1;;90.80000000000001;91258.90000000001;;33746.0;0.007473478338173412;0.010164167605049488;2.711761393942986;;0.0026906892668760746;2.7042879156048127;
Serbia;12.0;102269.40000000001;116850.0;70627.0;;14580.599999999991;-31642.40000000001;;6871547.0;0.014883024157442278;0.01700490442690707;0.010278180444665518;;0.0021218802694647934;-0.00460484371277676;
Seychelles;12.0;762.2;668.0;183732.0;;-94.20000000000005;182969.8;;106470.0;0.007158824081901005;0.006274067812529351;1.7256692025922795;;-0.0008847562693716544;1.7185103785103784;
Singapore;12.0;20702.4;22054.0;563650.0;;1351.5999999999985;542947.6;;5453600.0;0.003796097990318322;0.004043934281942203;0.10335374798298372;;0.0002478362916238812;0.09955764999266539;
Slovakia;52.0;53352.0;59127.92452830189;8980.0;;5775.92452830189;-44372.0;;5447622.0;0.009793631055899253;0.010853896347489215;0.0016484256800490195;;0.0010602652915899617;-0.008145205375850234;
Slovenia;52.0;20156.873563218393;23944.528301886792;96514.0;;3787.6547386683997;76357.1264367816;;2119410.0;0.009510606047540775;0.011297733002055662;0.045538145049801595;;0.0017871269545148883;0.03602753900226082;
South Africa;52.0;528548.6;584342.641509434;714263.0;;55794.041509434;185714.40000000002;;59392255.0;0.00889928493201681;0.009838701047963812;0.012026197691938115;;0.0009394161159470035;0.003126912759921307;
South Korea;52.0;286235.2950191571;303689.81132075476;665663.0;;17454.516301597643;379427.7049808429;;51830139.0;0.005522564680352432;0.005859328513874037;0.01284316447617476;;0.00033676383352160494;0.007320599795822328;
Spain;52.0;417091.00383141765;489443.62264150946;3457902.0000000005;;72352.61881009181;3040810.9961685827;;47486935.0;0.00878327910258722;0.01030691120918858;0.07281796561517395;;0.001523632106601359;0.06403468651258673;
Suriname;12.0;3696.0;3971.0;40599.0;;275.0;36903.0;;612984.0;0.006029521162053169;0.006478146248515459;0.06623174503739086;;0.0004486250864622894;0.06020222387533769;
Sweden;52.0;90680.94712643677;97773.73584905661;174540.0;;7092.788722619836;83859.05287356323;;10467097.0;0.008663428563472448;0.009341055676569789;0.016675110587013764;;0.0006776271130973408;0.008011682023541316;
Switzerland;52.0;66651.84674329501;75764.98113207547;;;9113.134388780454;;;8691406.0;0.007668707081834057;0.008717229540545622;;;0.0010485224587115658;;
Taiwan;12.0;171317.0;173156.0;;;1839.0;;;23859912.0;0.007180118686104123;0.007257193572214348;;;7.707488611022538e-05;;
Tajikistan;12.0;33191.799999999996;42626.0;;;9434.200000000004;;;9750064.0;0.003404264833543656;0.004371868738502639;;;0.0009676039049589833;;
Thailand;12.0;480527.6;501438.0;;;20910.400000000023;;;71601103.0;0.006711175943756062;0.007003216137606148;;;0.0002920401938500867;;
Transnistria;13.0;6703.142857142857;7258.0;;;554.8571428571431;;;0.0;inf;inf;;;inf;;
Tunisia;12.0;66557.2;75058.0;;;8500.800000000003;;;12262946.0;0.005427504940493092;0.006120715201714172;;;0.0006932102612210803;;
Ukraine;12.0;584265.6000000001;616835.0;;;32569.399999999907;;;43531422.0;0.013421698009313827;0.014169879403434145;;;0.0007481813941203186;;
United Kingdom;52.0;603513.3946360154;683558.641509434;;;80045.24687341857;;;67281040.0;0.008970036649790422;0.010159751417478593;;;0.0011897147676881714;;
United States;52.0;2788694.8;3375902.7924528304;;;587207.9924528305;;;336997624.0;0.008275117096968019;0.01001758633305032;;;0.001742469236082301;;
Uruguay;12.0;33869.6;32638.0;;;-1231.5999999999985;;;3426260.0;0.009885297671513546;0.009525838669569735;;;-0.00035945900194381004;;
Uzbekistan;12.0;155406.4;175637.0;;;20230.600000000006;;;34081449.0;0.004559853074322045;0.005153448728074913;;;0.0005935956537528673;;
