country;RAAUC;population;RegularDeaths;2020Deaths;2021Deaths;2022Deaths;EXD2020;EXD2021;EXD2022;RDBP;IDPP2020;IDPP2021;IDPP2022;EDPP2020;EDPP2021;EDPP2022;X;Y
Albania;12.0;2854710.0;21955.800000000003;27605.0;30580.0;25708.0;5649.199999999997;8624.199999999997;3752.199999999997;7691.078953729101;9669.98399136865;10712.121371347703;9005.46815613495;1978.905037639549;3021.0424176186016;1314.3892024058475;20382.105362716353;0.00315459999654429
Algeria;12.0;44177969.0;179289.65;235628.0;649.0;27462.666666666668;56338.350000000006;-178640.65;-151826.98333333334;4058.349762525298;5333.608704374798;14.69058027543095;621.6371482959452;1275.2589418495;-4043.6591822498676;-3436.712614229353;5348.299284650229;1.4071202510372198e-05
Andorra;12.0;79034.0;310.20000000000005;419.0;34638.0;190732.53333333333;108.79999999999995;34327.8;190422.3333333333;3924.8930839891696;5301.515803325151;438267.07492977707;2413297.230727704;1376.6227193359814;434342.1818457879;2409372.337643714;443568.59073310223;30.53492459862469
Antigua and Barbuda;12.0;93220.0;570.5999999999999;574.0;964.0;89276.57142857143;3.400000000000091;393.4000000000001;88705.97142857143;6121.004076378458;6157.476936279769;10341.128513194595;957697.6124069024;36.47285990130971;4220.124436816135;951576.6083305238;16498.60544947436;10.273520836804359
Argentina;12.0;45276780.0;341388.6;376221.0;170960.0;62637.0;34832.40000000002;-170428.59999999998;-278751.6;7540.037078608505;8309.358571877241;3775.886889482865;1383.4243512899989;769.3214932687356;-3764.1501891256394;-6156.612727318506;12085.245461360106;3.055483078279857e-05
Armenia;12.0;2790974.0;27047.399999999998;35371.0;89538.0;3498.0;8323.600000000002;62490.600000000006;-23549.399999999998;9691.02542696564;12673.353460118225;32081.273419243607;1253.3258998471501;2982.328033152585;22390.247992277968;-8437.69952711849;44754.62687936182;0.00044906398262654906
Aruba;12.0;106536.0;709.8;743.0;76878.0;114216.09756097561;33.200000000000045;76168.2;113506.29756097561;6662.5366073439955;6974.16835623639;721615.2286551025;1072089.2239334648;311.6317488923936;714952.6920477585;1065426.687326121;728589.3970113388;10.063163850092597
Australia;52.0;25921089.0;160378.3601532567;161595.39622641512;3649.0;117348.0;1217.0360731584078;-156729.3601532567;-43030.36015325671;6187.176786949681;6234.128366536419;140.77340654939303;4527.1246127043505;46.95157958673757;-6046.4033804002875;-1660.0521742453302;6374.901773085811;0.00017465024763058183
Austria;52.0;8922082.0;81022.37547892719;89475.32075471699;2895.0;43302.0;8452.945275789796;-78127.37547892719;-37720.37547892719;9081.106347030569;10028.524816821566;324.4758342279302;4853.351493519113;947.4184697909968;-8756.630512802638;-4227.754853511456;10353.000651049497;0.0005439707339070761
Azerbaijan;12.0;10312992.0;56430.8;75647.0;158868.0;1614203.6;19216.199999999997;102437.2;1557772.8;5471.816520365768;7335.116714916487;15404.646876483566;156521.36644729288;1863.3001945507178;9932.830356117796;151049.5499269271;22739.76359140005;0.015177105387776203
Bahamas;12.0;407906.0;2434.8;3016.0;111956.0;120070.66666666667;581.1999999999998;109521.2;117635.86666666667;5969.022274739769;7393.860350178718;274465.19541266863;294358.6676015226;1424.8380754389489;268496.1731379288;288389.6453267828;281859.0557628473;0.7216335812700048
Barbados;12.0;281200.0;2642.6;2713.0;2489.0;322573.3333333333;70.40000000000009;-153.5999999999999;319930.73333333334;9397.581792318635;9647.937411095307;8851.351351351352;1147131.3418681838;250.35561877667172;-546.2304409672828;1137733.7600758655;18499.288762446657;4.079414444765945
Belarus;12.0;9578168.0;119931.4;144536.0;727.0;137833.86046511628;24604.600000000006;-119204.4;17902.46046511628;12521.329757423338;15090.150851394546;75.90177996460284;14390.420011960145;2568.821093971207;-12445.427977458738;1869.0902545368049;15166.05263135915;0.0015024188354140525
Belgium;52.0;11611420.0;109179.27969348658;126008.75471698114;84301.0;286968.1904761905;16829.475023494568;-24878.279693486576;177788.9107827039;9402.750024845074;10852.139937835436;7260.1800641093;24714.306301571254;1449.3899129903637;-2142.5699607357733;15311.556276726178;18112.320001944736;0.002128448226105959
Belize;12.0;400031.0;1896.0;2158.0;48503.0;57335.99999999999;262.0;46607.0;55439.99999999999;4739.632678467419;5394.581919901208;121248.10327199643;143328.89201086914;654.9492414337889;116508.47059352901;138589.2593324017;126642.68519189765;0.35829446220635186
Bermuda;12.0;64185.0;503.8;566.0;1855622.0;6936.8;62.19999999999999;1855118.2;6433.0;7849.185946872321;8818.25971800265;28910524.265794188;108075.09542728052;969.0737711303262;28902675.079847317;100225.9094804082;28919342.525512192;1.6838061140029683
Bolivia;12.0;12079472.0;50612.8;74863.0;148640.0;116384.21052631579;24250.199999999997;98027.2;65771.41052631578;4189.984462897054;6197.539097735398;12305.173603614463;9634.875640782626;2007.5546348383436;8115.189140717408;5444.891177885572;18502.71270134986;0.0007976239061428037
Bosnia;12.0;0.0;36898.4;42803.0;308490.0;58472.18604651162;5904.5999999999985;271591.6;21573.786046511617;inf;inf;inf;inf;inf;inf;inf;inf;inf
Brazil;12.0;214326223.0;1310626.4;1556824.0;137085.0;90567.09999999999;246197.6000000001;-1173541.4;-1220059.2999999998;6115.100530652285;7263.805512030135;639.6090878716227;422.56658439784104;1148.7049813778508;-5475.491442780662;-5692.533946254443;7903.414599901757;1.971604680393407e-06
Brunei;12.0;445373.0;1648.8000000000002;1752.0;361223.0;623550.0;103.19999999999982;359574.2;621901.2;3702.065459738242;3933.7813473201118;811057.248643272;1400062.4195898718;231.71588758186917;807355.1831835338;1396360.3541301335;814991.0299905922;3.1435727347411535
Bulgaria;52.0;6885868.0;108480.56704980842;123538.2641509434;31081.0;17209.52380952381;15057.697101134981;-77399.56704980842;-91271.0432402846;15754.087509346451;17940.84117658709;4513.737411173144;2499.2526446228435;2186.753667240642;-11240.350098173307;-13254.834864723605;22454.578587760236;0.0003629538998747643
Cabo Verde;12.0;0.0;2691.2000000000003;2959.0;62642.0;514.6666666666666;267.7999999999997;59950.8;-2176.5333333333338;inf;inf;inf;inf;inf;inf;-inf;inf;inf
Canada;52.0;38155012.0;275362.91187739465;306412.4528301887;167645.0;61395.1;31049.54095279402;-107717.91187739465;-213967.81187739465;7216.952569098777;8030.72615545734;4393.787112424444;1609.0965978466995;813.7735863585633;-2823.1654566743327;-5607.855971252077;12424.513267881784;4.2172614120700564e-05
Chile;52.0;19493184.0;106306.5;125053.1320754717;7078.0;636819.9024390244;18746.6320754717;-99228.5;530513.4024390244;5453.5216001654735;6415.223499427887;363.10127683604685;32668.84991384806;961.701899262414;-5090.4203233294265;27215.32831368259;6778.324776263934;0.0016759114321112476
Colombia;52.0;51516562.0;227659.98467432952;300464.8301886793;139165.0;1126.2439024390244;72804.84551434976;-88494.98467432952;-226533.7407718905;4419.161058813077;5832.392895098071;2701.364271940352;21.86178305996088;1413.2318362849942;-1717.7967868727249;-4397.299275753116;8533.757167038422;4.243641697200384e-07
Costa Rica;12.0;5153957.0;22987.800000000003;26209.0;57039.0;53362.0;3221.199999999997;34051.2;30374.199999999997;4460.223474895116;5085.218988051317;11067.03063296803;10353.598215895088;624.9955131562016;6606.807158072914;5893.374740999973;16152.249621019344;0.0020088639109513504
Croatia;52.0;4060135.0;52565.02681992337;56847.77358490566;49082.399999999994;1024258.8571428572;4282.746764982294;-3482.6268199233746;971693.8303229338;12946.620449793754;14001.449110659045;12088.859114290533;252272.1183268185;1054.8286608652897;-857.7613355032221;239325.49787702473;26090.30822494958;0.06213392370618674
Cuba;12.0;11256372.0;104262.59999999999;112449.0;104860.0;143072.0;8186.400000000009;597.4000000000087;38809.40000000001;9262.540363804608;9989.808439166723;9315.61252595419;12710.311990399749;727.2680753621156;53.07216214958148;3447.7716265951417;19305.42096512091;0.0011291659506632997
Cyprus;52.0;896007.0;5868.628352490421;6523.547169811321;732086.0;508.0;654.9188173208995;726217.3716475096;-5360.628352490421;6549.757259140187;7280.6877287915395;817053.8846236692;566.9598563404081;730.9304696513526;810504.1273645292;-5982.797402799779;824334.5723524608;0.0006327627533494807
Czechia;52.0;10510750.0;110786.2988505747;129012.98113207548;18721.0;4020.4878048780483;18226.682281500776;-92065.2988505747;-106765.81104569665;10540.28483700732;12274.3839528174;1781.128844278477;382.51198105540027;1734.0991158100778;-8759.155992728845;-10157.772855951922;14055.512797095877;3.6392453540936686e-05
Denmark;52.0;5854240.0;53394.63601532567;54431.24528301887;428.0;96172.26666666666;1036.6092676932021;-52966.63601532567;42777.630651340995;9120.677665303381;9297.747492931425;73.10940446582306;16427.79706104749;177.0698276280443;-9047.56826083756;7307.119395744109;9370.856897397249;0.002806136588361169
Dominican Republic;12.0;11117874.0;43206.0;45861.0;57580.0;69084.0;2655.0;14374.0;25878.0;3886.1746409430434;4124.979290105284;5179.047720814249;6213.777921930037;238.8046491622409;1292.8730798712056;2327.603280986995;9304.027010919533;0.0005588998330013487
Ecuador;52.0;17797737.0;69773.44061302682;115195.69811320756;641768.0;134322.66666666666;45422.25750018074;571994.5593869732;64549.22605363984;3920.354627839866;6472.491312418402;36058.966373084404;7547.176737506946;2552.136684578536;32138.61174524453;3626.8221096670795;42531.4576855028;0.0004240526049748317
Egypt;12.0;109262178.0;561515.0;666200.0;1353.0;2705.3333333333335;104685.0;-560162.0;-558809.6666666666;5139.152543710047;6097.260847207348;12.383059030728822;24.760016529538095;958.1083034972999;-5126.769484679319;-5114.392527180509;6109.643906238077;2.2661104677538182e-07
El Salvador;12.0;6314167.0;42222.200000000004;50778.0;2274.0;421808.39999999997;8555.799999999996;-39948.200000000004;379586.19999999995;6686.899475417739;8041.915901179046;360.14251761158675;66803.49126020899;1355.0164257613071;-6326.756957806153;60116.59178479124;8402.058418790635;0.01057993734727146
Estonia;52.0;1328701.0;15398.176245210727;15754.037735849055;59906.0;33966.66666666667;355.8614906383282;44507.82375478927;18568.490421455943;11588.894902021393;11856.721516615895;45086.140523714515;25563.81508455753;267.8266145945011;33497.245621693124;13974.920182536134;56942.86204033041;0.019239704858021126
Faroe Islands;12.0;0.0;402.2;366.0;1019035.0;52153.4;-36.19999999999999;1018632.8;51751.200000000004;inf;inf;inf;inf;-inf;inf;inf;inf;inf
Finland;52.0;5535992.0;53549.24137931034;55175.92452830189;1068.0;715164.9142857143;1626.6831489915494;-52481.24137931034;661615.6729064039;9672.926077080736;9966.763775724727;192.91935392970223;129184.60039062815;293.8376986439918;-9480.006723151035;119511.6743135474;10159.68312965443;0.023335402289350878
France;52.0;67422000.0;588850.1915708813;651800.3773584905;143586.0;1545645.0;62950.185787609196;-445264.1915708813;956794.8084291187;8733.798931667428;9667.473189144352;2129.6609415324374;22924.93548100027;933.6742574769245;-6604.13799013499;14191.13654933284;11797.13413067679;0.000340021587627188
French Guiana;52.0;0.0;890.3754789272032;939.9245283018869;531.0;135554.6666666667;49.549049374683705;-359.3754789272032;134664.2911877395;inf;inf;inf;inf;inf;-inf;inf;inf;inf
French Polynesia;12.0;304032.0;1518.0;1679.0;4517.0;9192.0;161.0;2999.0;7674.0;4992.895484685822;5522.445005788864;14856.988738027576;30233.659614777393;529.5495211030418;9864.093253341753;25240.764130091567;20379.43374381644;0.09944236006334002
Georgia;12.0;3757980.0;48179.399999999994;50537.0;118160.99999999999;34269.0;2357.600000000006;69981.59999999999;-13910.399999999994;12820.557852889051;13447.916167728406;31442.68995577411;9118.994779110055;627.3583148393567;18622.132102885058;-3701.5630737789966;44890.60612350252;0.002426568203957992
Germany;52.0;83408554.0;929511.9540229884;982552.7547169811;51354.0;29926.0;53040.80069399264;-878157.9540229884;-899585.9540229884;11144.084262904118;11779.999863287178;615.6922466249684;358.78814060246145;635.9156003830572;-10528.392016279151;-10785.296122301657;12395.692109912145;4.301574879267916e-06
Gibraltar;12.0;32670.0;276.0;270.0;155032.0;304.79999999999995;-6.0;154756.0;28.799999999999955;8448.11753902663;8264.462809917355;4745393.327211509;9329.660238751145;-183.65472910927457;4736945.209672483;881.5426997245165;4753657.790021427;0.28557270397156853
Greece;52.0;10445365.0;121532.36781609195;130457.20754716982;2333.0;42106.666666666664;8924.839731077867;-119199.36781609195;-79425.7011494253;11635.05227592257;12489.482899560697;223.35265450273877;4031.134064407195;854.4306236381273;-11411.699621419832;-7603.918211515375;12712.835554063437;0.00038592562963641724
Greenland;12.0;56243.0;498.59999999999997;519.0;529736.8;4406.666666666666;20.400000000000034;529238.2000000001;3908.066666666666;8865.103212844264;9227.81501697989;9418715.217893783;78350.49102406818;362.7118041356263;9409850.114680938;69485.3878112239;9427943.032910762;1.393070978149604
Guadeloupe;52.0;0.0;3151.478927203065;3649.8113207547167;34354.0;2418.6666666666665;498.3323935516519;31202.521072796935;-732.8122605363983;inf;inf;inf;inf;inf;inf;-inf;inf;inf
Guatemala;52.0;17608483.0;82164.38314176245;95608.37735849057;50633.0;200385.3333333333;13443.994216728126;-31531.383141762446;118220.95019157087;4666.1818137179935;5429.677125422478;2875.4890469553793;11380.045250538238;763.4953117044851;-1790.6927667626137;6713.863436820246;8305.166172377858;0.0006462819795741767
Hong Kong;12.0;7494578.0;47239.8;50666.0;706212.0;4198.380952380952;3426.199999999997;658972.2;-43041.41904761905;6303.196791066822;6760.353951883615;94229.72180688492;560.1891063620864;457.1571608167927;87926.5250158181;-5743.007684704736;100990.07575876854;7.474591716332612e-05
Hungary;52.0;9709786.0;129791.60153256706;140533.43396226416;24919.63636363636;4262.7317073170725;10741.832429697097;-104871.9651689307;-125528.86982524999;13367.091873349944;14473.381180827688;2566.4454771337246;439.0139707834006;1106.2893074777444;-10800.64639621622;-12928.077902566543;17039.826657961414;4.5213557825414545e-05
Iceland;52.0;370335.0;2242.375478927203;2299.7735849056603;1452289.0;13038.0;57.39810597845735;1450046.6245210727;10795.624521072798;6054.992044843731;6209.981732500737;3921554.80848421;35205.96216938718;154.9896876570061;3915499.8164393664;29150.970124543448;3927764.7902167104;0.09506517658170895
Iran;52.0;87923432.0;367181.32413793105;501265.9698113207;39333.0;928.3902439024391;134084.64567338966;-327848.32413793105;-366252.9338940286;4176.1486760199605;5701.1647340076615;447.3551487389619;10.55907649171883;1525.0160579877006;-3728.793527280999;-4165.589599528242;6148.519882746624;1.2009399828385713e-07
Ireland;12.0;4986526.0;30724.4;31981.0;183357.0;836726.2222222222;1256.5999999999985;152632.6;806001.8222222222;6161.483966994256;6413.483054134282;36770.48911406458;167797.42494518674;251.99908714002467;30609.005147070326;161635.9409781925;43183.97216819887;0.03365016545490523
Israel;52.0;9291000.0;44506.819923371644;48611.16981132076;13019.0;41155.2;4104.349887949116;-31487.819923371644;-3351.619923371647;4790.3153507019315;5232.0708009170985;1401.248520073189;4429.577010009686;441.75545021516695;-3389.066830628742;-360.73834069224483;6633.319320990287;0.0004767599838563864
Italy;52.0;59240330.0;643619.1417624521;742581.5849056605;10938.0;512.0;98962.4431432084;-632681.1417624521;-643107.1417624521;10864.543491949691;12535.06833783101;184.63772906059097;8.642760767875533;1670.5248458813176;-10679.9057628891;-10855.900731181817;12719.7060668916;1.4589319080220404e-07
Jamaica;12.0;2827694.0;18304.600000000002;18978.0;39193.0;17804.0;673.3999999999978;20888.399999999998;-500.6000000000022;6473.33127276148;6711.475852762003;13860.410638492001;6296.296558255596;238.14458000052264;7387.07936573052;-177.03471450588438;20571.886491254005;0.0022266541422995543
Japan;12.0;124612530.0;1337896.0;1384544.0;34471.0;8040.190476190476;46648.0;-1303425.0;-1329855.8095238095;10736.448413333716;11110.792791062022;276.6254725748687;64.52152505201906;374.3443777283071;-10459.822940758846;-10671.926888281696;11387.418263636891;5.177771854244437e-07
Jordan;12.0;11148278.0;27525.0;33073.0;36950.0;159369.11627906977;5548.0;9425.0;131844.11627906977;2468.9911751393356;2966.6465080974835;3314.413221485865;14295.402059319813;497.65533295814834;845.4220463465299;11826.410884180477;6281.059729583349;0.0012822968766404831
Kazakhstan;12.0;19196465.0;131461.6;162613.0;268.0;38908.38095238095;31151.399999999994;-131193.6;-92553.21904761906;6848.219190356142;8470.986715522884;13.960903739308252;2026.8513474944968;1622.7675251667426;-6834.258286616833;-4821.367842861644;8484.947619262191;0.00010558461401588765
Kosovo;12.0;1782115.0;8769.2;12987.0;47463.0;23560.5;4217.799999999999;38693.8;14791.3;4920.67010265892;7287.408500573756;26632.961396991777;13220.52729481543;2366.7383979148367;21712.29129433286;8299.85719215651;33920.369897565535;0.0074184479087014196
Kuwait;12.0;4250114.0;6722.199999999999;10569.0;4467.0;44429.767441860466;3846.800000000001;-2255.199999999999;37707.56744186047;1581.6516921663747;2486.7568258169076;1051.0306311783636;10453.782520153685;905.1051336505329;-530.6210609880109;8872.130827987314;3537.787456995271;0.0024596475577252012
Kyrgyzstan;12.0;6527743.0;33546.0;39977.0;2320.0;9693.333333333334;6431.0;-31226.0;-23852.666666666664;5138.989080912039;6124.168797699296;355.4061488021204;1484.9440814893194;985.179716787257;-4783.582932109919;-3654.0449994227197;6479.574946501417;0.0002274820074088884
Latvia;52.0;1873919.0;28380.643678160923;28762.867924528306;224569.0;42048.0;382.2242463673829;196188.3563218391;13667.356321839077;15145.074935555338;15349.045462759226;119839.22464097968;22438.536564280526;203.97052720388814;104694.14970542434;7293.461628725189;135188.2701037389;0.011974122981986161
Lebanon;12.0;5592631.0;25156.800000000003;28392.0;4132.0;175626.23;3235.199999999997;-21024.800000000003;150469.43;4498.204869944039;5076.680367433503;738.8293631387445;31403.14996644692;578.4754974894637;-3759.375506805295;26904.945096502877;5815.5097305722475;0.005615094213518989
Liechtenstein;12.0;39039.0;261.8;319.0;4613.0;657405.6000000001;57.19999999999999;4351.2;657143.8;6706.114398422092;8171.315863623557;118163.88739465662;16839714.132021826;1465.201465201465;111457.77299623453;16833008.017623402;126335.20325828018;431.35618566105245
Lithuania;52.0;2786651.0;40049.36398467433;43485.735849056604;13274.0;442688.0930232558;3436.371864382272;-26775.36398467433;402638.7290385815;14371.862132959719;15605.01686399072;4763.423909201403;158860.25663897482;1233.1547310310018;-9608.438223758314;144488.39450601512;20368.440773192124;0.05700758962603312
Luxembourg;52.0;639321.0;4149.839080459769;4578.943396226416;1094.0;123441.33333333334;429.1043157666463;-3055.8390804597693;119291.49425287357;6491.010119266799;7162.197700726889;1711.1904661351653;193081.93119471023;671.1875814600902;-4779.819653131634;186590.92107544342;8873.388166862054;0.3020109322151317
Macao;12.0;686607.0;2207.7999999999997;2230.0;1089683.0;35133.799999999996;22.200000000000273;1087475.2;32925.99999999999;3215.522125466242;3247.8550320634654;1587054.8945757907;51170.174495745014;32.33290659722413;1583839.3724503245;47954.65237027877;1590302.7496078543;0.07452614741146685
Malaysia;12.0;33573874.0;166386.4;166507.0;45386.0;2688.0;120.60000000000582;-121000.4;-163698.4;4955.829643013493;4959.421721782836;1351.8249338756677;80.062253167448;3.592078769343264;-3604.0047091378256;-4875.767389846044;6311.246655658503;2.3846593683960334e-06
Maldives;12.0;521458.0;1170.8;1275.0;593.0;274622.947368421;104.20000000000005;-577.8;273452.147368421;2245.243145181395;2445.0674838625546;1137.1960924945058;526644.4226925677;199.82433868115945;-1108.0470526868894;524399.1795473865;3582.26357635706;1.0099460027318934
Malta;52.0;526748.0;3534.406130268199;4066.7924528301887;19931.0;1931068.0;532.3863225619898;16396.5938697318;1927533.5938697318;6709.8615092381915;7720.565531962511;37837.82757599459;3666018.6654719147;1010.7040227243194;31127.966066756402;3659308.8039626763;45558.393107957105;6.959720142215851
Martinique;52.0;0.0;3271.6168582375476;3565.4339622641505;9066.909090909092;6600.195121951219;293.8171040266029;5795.292232671544;3328.5782637136717;inf;inf;inf;inf;inf;inf;inf;inf;inf
Mauritius;12.0;1298915.0;10404.4;11060.0;170051.0;474.0;655.6000000000004;159646.6;-9930.4;8010.069942990882;8514.798889842676;130917.72748794187;364.91995242182895;504.72894685179585;122907.65754495098;-7645.149990569052;139432.52637778452;0.0002809421343366032
Mayotte;52.0;0.0;692.735632183908;924.2264150943397;1983.0;265.3333333333333;231.49078291043168;1290.264367816092;-427.4022988505747;inf;inf;inf;inf;inf;inf;-inf;inf;inf
Mexico;52.0;126705138.0;696709.3486590039;1066931.0943396227;34792.0;114322.66666666666;370221.7456806188;-661917.3486590039;-582386.6819923372;5498.666902197793;8420.582710226185;274.5902853600144;902.2733290158025;2921.915808028391;-5224.076616837778;-4596.39357318199;8695.172995586197;7.12104768013277e-06
Moldova;12.0;3061506.0;37822.0;40716.0;28516.0;26746.666666666664;2894.0;-9306.0;-11075.333333333336;12354.05058817458;13299.336992970126;9314.37011719069;8736.441041326283;945.2864047955484;-3039.6804709838884;-3617.609546848295;22613.707110160816;0.002853641652613545
Monaco;12.0;36686.0;527.8;521.0;41894.0;58734.70270270271;-6.7999999999999545;41366.2;58206.902702702704;14386.959603118356;14201.60279125552;1141961.5112031838;1601011.3586300688;-185.35681186283472;1127574.5516000653;1586624.3990269504;1156163.1139944394;43.64093546939075
Mongolia;12.0;3347782.0;16580.6;15922.0;12649.0;21878.048780487807;-658.5999999999985;-3931.5999999999985;5297.448780487808;4952.711974674575;4755.984708681748;3778.322483363612;6535.08764324792;-196.72726599282706;-1174.3894913109632;1582.3756685733445;8534.30719204536;0.0019520648725777007
Montenegro;52.0;627859.0;6461.747126436781;7297.66037735849;26713.199999999997;561555.2558139535;835.9132509217088;20251.452873563216;555093.5086875167;10291.716972181304;11623.087950253943;42546.495311845494;894397.079302763;1331.3709780726385;32254.778339664183;884105.3623305816;54169.58326209944;1.424519007138168
Netherlands;52.0;17501696.0;149924.7662835249;168012.98113207548;53717.0;376038.0;18088.21484855059;-96207.76628352489;226113.2337164751;8566.299305137336;9599.81142010897;3069.245403416903;21485.80343299301;1033.512114971634;-5497.053901720433;12919.504127855673;12669.056823525874;0.00122764122019906
New Caledonia;12.0;287800.0;1549.6;1540.0;263448.60000000003;465250.6666666667;-9.599999999999909;261899.00000000003;463701.0666666667;5384.294649061848;5350.938151494093;915387.7692842253;1616576.3261524206;-33.35649756775507;910003.4746351634;1611192.031503359;920738.7074357194;5.617012947020225
New Zealand;52.0;5129728.0;32676.72030651341;32567.698113207545;879429.0;92551.94;-109.02219330586377;846752.2796934866;59875.21969348659;6370.068804138038;6348.815787739145;171437.74484729016;18042.270467362014;-21.253016398893617;165067.6760431521;11672.201663223974;177786.56063502928;0.0035171982739361646
Nicaragua;12.0;6850540.0;24242.8;33638.0;518700.0;71542.90000000001;9395.2;494457.2;47300.100000000006;3538.815918161196;4910.269847340502;75716.65883273436;10443.395703112457;1371.4539291793058;72177.84291457316;6904.57978495126;80626.92868007485;0.0015244631376668783
North Macedonia;12.0;2103330.0;20267.8;25408.0;124559.0;206191.19999999998;5140.200000000001;104291.2;185923.4;9636.053305948188;12079.892361160637;59219.903676550995;98030.8368159062;2443.8390552124492;49583.850370602806;88394.78350995801;71299.79603771163;0.046607444773718906
Norway;52.0;5403021.0;40595.26436781609;40422.64150943396;32977.0;593864.3999999999;-172.62285838212847;-7618.264367816089;553269.1356321839;7513.438198336836;7481.488876210912;6103.43731775242;109913.3984487567;-31.94932212592334;-1410.0008805844154;102399.96025041988;13584.926193963332;0.020342952294421346
Oman;12.0;4520471.0;8518.6;10589.0;2774.0;8340.0;2070.3999999999996;-5744.6;-178.60000000000036;1884.4496513748238;2342.455022938981;613.6528693580824;1844.9404940325908;458.0053715641577;-1270.7967820167414;-39.50915734223278;2956.1078922970637;0.00040813014706489453
Palestine;12.0;5133392.0;12449.0;14106.0;333028.0;686976.0;1657.0;320579.0;674527.0;2425.1021546766738;2747.8906734572383;64874.8429888074;133824.96407833262;322.7885187805646;62449.740834130724;131399.86192365593;67622.73366226464;0.026069500259931953
Panama;12.0;4351267.0;19319.6;23876.0;2445509.0;647952.1904761905;4556.4000000000015;2426189.4;628632.5904761906;4439.9941442343115;5487.137424570821;562022.2799474269;148911.15403311048;1047.1432803365092;557582.2858031924;144471.1598888762;567509.4173719977;0.034222481413599876
Paraguay;12.0;6703799.0;31681.800000000003;36738.0;5786.0;3261108.5;5056.199999999997;-25895.800000000003;3229426.7;4725.9471830823095;5480.176240367588;863.0927031075961;486456.783683401;754.2290572852792;-3862.8544799747133;481730.8365003187;6343.268943475186;0.0725643450353152
Peru;52.0;33715472.0;152683.9;238746.8150943396;454.0;41737.5;86062.91509433961;-152229.9;-110946.4;4528.600400433368;7081.224165995351;13.465627887398403;1237.933136454385;2552.623765561983;-4515.134772545969;-3290.6672639789826;7094.689793882749;3.671706379950383e-05
Philippines;12.0;113880328.0;586629.6000000001;613936.0;1184.0;173821.33333333334;27306.399999999907;-585445.6000000001;-412808.2666666667;5151.2812643110765;5391.062800591863;10.39687908169706;1526.3508314915755;239.78153628078684;-5140.884385229379;-3624.9304328195008;5401.4596796735605;1.3403112357487902e-05
Poland;52.0;38307726.0;400514.3601532567;476441.6603773585;312.0;;75927.30022410181;-400202.3601532567;;10455.184945022753;12437.221159443357;8.144571149955494;;1982.0362144206058;-10447.040373872796;;12445.365730593316;
Portugal;52.0;10290103.0;110403.77011494253;123383.24528301886;135901.0;;12979.47516807633;25497.229885057473;;10729.121964565615;11990.477187936687;13206.962068309715;;1261.3552233710711;2477.8401037441;;25197.4392562464;
Puerto Rico;52.0;3256028.0;29263.999999999996;31790.64150943396;925.0;;2526.6415094339645;-28338.999999999996;;8987.63769844731;9763.626574904749;284.08846606970206;;775.9888764574398;-8703.549232377609;;10047.715040974452;
Qatar;12.0;2688235.0;2308.6;2627.0;24292.0;;318.4000000000001;21983.4;;858.7790873937731;977.2211134815223;9036.41236722236;;118.44202608774906;8177.633279828588;;10013.633480703882;
Romania;52.0;19328560.0;260476.56704980842;295739.69811320753;72520.0;;35263.13106339911;-187956.56704980842;;13476.253122312704;15300.658616741626;3751.960828949492;;1824.4054944289232;-9724.29229336321;;19052.619445691118;
Russia;12.0;145102755.0;1850579.6400000001;2138585.9;23088.0;;288006.2599999998;-1827491.6400000001;;12753.580316238655;14738.423815591923;159.11482866055852;;1984.8434993532671;-12594.465487578096;;14897.538644252481;
RÃ©union;52.0;0.0;4808.704980842912;5155.8490566037735;706615.0;;347.1440757608616;701806.2950191571;;inf;inf;inf;;inf;inf;;inf;
Saint Kitts and Nevis;12.0;47606.0;387.0;377.0;316897.0;;-10.0;316510.0;;8129.227408309876;7919.169852539597;6656660.925093475;;-210.05755577028106;6648531.697685166;;6664580.094946016;
Saint Vincent and the Grenadines;12.0;104332.0;944.8;1049.0;447878.0;;104.20000000000005;446933.2;;9055.7067821953;10054.441590307864;4292815.243645286;;998.7348081125641;4283759.5368630905;;4302869.6852355935;
San Marino;12.0;33746.0;252.2;343.0;91511.1;;90.80000000000001;91258.90000000001;;7473.478338173412;10164.167605049488;2711761.3939429857;;2690.6892668760747;2704287.9156048126;;2721925.561548035;
Serbia;12.0;6871547.0;102269.40000000001;116850.0;70627.0;;14580.599999999991;-31642.40000000001;;14883.024157442278;17004.90442690707;10278.180444665517;;2121.8802694647934;-4604.84371277676;;27283.084871572588;
Seychelles;12.0;106470.0;762.2;668.0;183732.0;;-94.20000000000005;182969.8;;7158.824081901005;6274.067812529351;1725669.2025922795;;-884.7562693716544;1718510.3785103783;;1731943.2704048087;
Singapore;12.0;5453600.0;20702.4;22054.0;563650.0;;1351.5999999999985;542947.6;;3796.097990318322;4043.934281942203;103353.74798298372;;247.8362916238812;99557.64999266539;;107397.68226492593;
Slovakia;52.0;5447622.0;53352.0;59127.92452830189;8980.0;;5775.92452830189;-44372.0;;9793.631055899254;10853.896347489215;1648.4256800490195;;1060.2652915899616;-8145.205375850233;;12502.322027538235;
Slovenia;52.0;2119410.0;20156.873563218393;23944.528301886792;96514.0;;3787.6547386683997;76357.1264367816;;9510.606047540774;11297.733002055662;45538.1450498016;;1787.1269545148884;36027.53900226082;;56835.87805185726;
South Africa;52.0;59392255.0;528548.6;584342.641509434;714263.0;;55794.041509434;185714.40000000002;;8899.28493201681;9838.701047963812;12026.197691938116;;939.4161159470035;3126.9127599213066;;21864.898739901928;
South Korea;52.0;51830139.0;286235.2950191571;303689.81132075476;665663.0;;17454.516301597643;379427.7049808429;;5522.564680352432;5859.328513874037;12843.16447617476;;336.76383352160497;7320.599795822328;;18702.492990048795;
Spain;52.0;47486935.0;417091.00383141765;489443.62264150946;3457902.0000000005;;72352.61881009181;3040810.9961685827;;8783.27910258722;10306.91120918858;72817.96561517395;;1523.632106601359;64034.68651258673;;83124.87682436252;
Suriname;12.0;612984.0;3696.0;3971.0;40599.0;;275.0;36903.0;;6029.521162053169;6478.146248515459;66231.74503739087;;448.6250864622894;60202.22387533769;;72709.89128590633;
Sweden;52.0;10467097.0;90680.94712643677;97773.73584905661;174540.0;;7092.788722619836;83859.05287356323;;8663.428563472447;9341.05567656979;16675.110587013765;;677.6271130973408;8011.682023541315;;26016.166263583553;
Switzerland;52.0;8691406.0;66651.84674329501;75764.98113207547;;;9113.134388780454;;;7668.707081834057;8717.229540545623;;;1048.5224587115658;;;;
Taiwan;12.0;23859912.0;171317.0;173156.0;;;1839.0;;;7180.118686104123;7257.193572214348;;;77.07488611022538;;;;
Tajikistan;12.0;9750064.0;33191.799999999996;42626.0;;;9434.200000000004;;;3404.264833543656;4371.86873850264;;;967.6039049589833;;;;
Thailand;12.0;71601103.0;480527.6;501438.0;;;20910.400000000023;;;6711.175943756062;7003.216137606149;;;292.04019385008667;;;;
Transnistria;13.0;0.0;6703.142857142857;7258.0;;;554.8571428571431;;;inf;inf;;;inf;;;;
Tunisia;12.0;12262946.0;66557.2;75058.0;;;8500.800000000003;;;5427.504940493092;6120.715201714172;;;693.2102612210804;;;;
Ukraine;12.0;43531422.0;584265.6000000001;616835.0;;;32569.399999999907;;;13421.698009313826;14169.879403434144;;;748.1813941203186;;;;
United Kingdom;52.0;67281040.0;603513.3946360154;683558.641509434;;;80045.24687341857;;;8970.036649790422;10159.751417478594;;;1189.7147676881714;;;;
United States;52.0;336997624.0;2788694.8;3375902.7924528304;;;587207.9924528305;;;8275.117096968019;10017.58633305032;;;1742.469236082301;;;;
Uruguay;12.0;3426260.0;33869.6;32638.0;;;-1231.5999999999985;;;9885.297671513546;9525.838669569735;;;-359.45900194381005;;;;
Uzbekistan;12.0;34081449.0;155406.4;175637.0;;;20230.600000000006;;;4559.853074322045;5153.448728074913;;;593.5956537528673;;;;
